{"cameraMode":{"drawMode":0,"name":"Shaded","section":"Shading Mode"},"sceneLighting":false,"audioPlay":false,"sceneViewState":{"showFog":true,"showMaterialUpdate":false,"showSkybox":true,"showFlares":true,"showImageEffects":true,"showParticleSystems":true},"in2DMode":false,"pivot":{"x":1356.5894775390625,"y":-187.75900268554688,"z":5569.8955078125},"rotation":{"x":-0.06775832921266556,"y":-0.0009014534298330545,"z":0.00006147947715362534,"w":-0.997708797454834},"size":7687.87841796875,"orthographic":false}